INSERT INTO `artist` (`id`, `name`, `biography`) VALUES ('3', 'The Stooges', 'Praesent aliquam, enim at fermentum mollis, ligula massa adipiscing nisl, ac euismod nibh nisl eu lectus.'), ('6', 'The Gun Club', 'Lorem ipsum dolor sit amet, consectetuer adipiscing elit. Morbi vel erat non mauris convallis vehicula. Nulla et sapien.'), ('15', 'The Doors', 'Suspendisse lectus tortor, dignissim sit amet, adipiscing nec, ultricies sed, dolor.'), ('54', 'Pixies', 'Praesent blandit odio eu enim.'), ('33', 'Pink Floyd', 'Integer quis metus vitae elit lobortis egestas. Lorem ipsum dolor sit amet, consectetuer adipiscing elit.'), ('42', 'Dire Straits', 'Fusce vulputate sem at sapien. Vivamus leo. Aliquam libero eu enim. Nulla nec felis sed leo placerat imperdiet. Aenean suscipit nulla in justo.');

INSERT INTO `album` (`id`, `name`, `year`, `artist_id`) VALUES ('10', 'The Stooges', '1969', '3'), ('5', 'Fire of love', '1981', '6'), ('42', 'Brothers In Arms', '1985', '42'), ('8', 'The Doors', '1967', '15'), ('13', 'Funhouse', '1970', '3'), ('69', 'Doolittle', '1989', '54'), ('49', 'Dire Straits', '1978', '42'), ('1', 'Lucky Jim', '1993', '6');

INSERT INTO `song` (`id`, `title`, `artist_id`, `album_id`) VALUES ('25', 'No Fun', '3', '10'), ('76', 'Light My Fire', '15', '8'), ('1', 'I Wanna Be Your Dog', '3', '10'), ('18', 'She\'s like Heroin to Me', '6', '5'), ('63', 'Gouge Away', '54', '69'), ('38', 'Money for Nothing', '42', '42'), ('56', 'Break on Through (To the other side)', '15', '8'), ('24', 'Hey', '54', '69'), ('98', 'Sex Beat', '6', '5'), ('122', 'Sultans of Swing', '42', '49');